id_pessoa;nome_completo;cpf;data_nascimento;sexo;sigla_orgao
1;João Gomes Lima;32181960003;1963-05-29;M;SECOM
2;Patrícia Gomes Rodrigues;35116155935;1978-09-24;F;SEAD
3;Thiago Costa Oliveira;31647525551;1973-10-18;M;SEINFRA
4;Eduardo Souza Carvalho;64139537647;1996-03-01;M;SES
5;Thiago Souza Rodrigues;22691669734;2002-06-21;M;SERINT
6;Gabriela Ferreira Teixeira;14893252801;2002-07-31;F;CGE
7;Thiago Teixeira Rodrigues;27824896315;2003-05-20;M;FAPEG
8;Daniel Lima Silva;10310518300;1979-12-26;M;GOINFRA
9;Marcelo Moreira Cardoso;10651333830;1995-04-01;M;DGPC
10;Fernando Barbosa Dias;36026064737;1980-08-04;M;ABC
11;Gabriela Dias Ferreira;08121913667;1965-10-03;F;UEG
12;Camila Gomes Pereira;24751079956;1963-12-21;F;DETRAN
13;Marcelo Teixeira Costa;12411824424;1973-11-23;M;JUCEG
14;Fernanda Martins Rocha;68011280511;2004-07-27;F;SES
15;Felipe Lima Ferreira;26025634203;1964-09-12;M;RETOMADA
16;Thiago Gomes Araújo;86850142984;1978-10-25;M;SEAD
17;Ana Dias Rocha;35615951460;2000-06-30;F;SEAPA
18;Rafael Costa Almeida;69957773879;1997-06-14;M;PM
19;Amanda Oliveira Barbosa;69367632002;1964-07-24;F;ABC
20;Amanda Dias Pereira;87277434897;1998-06-23;F;GOIASTURISMO
21;André Almeida Oliveira;66587603653;1989-12-10;M;SEDUC
22;Rafael Pereira Dias;06562729882;1957-06-02;M;SECULT
23;Letícia Araújo Gomes;64170805364;1961-02-26;F;SEAD
24;Letícia Carvalho Ferreira;99124190497;1988-09-02;F;SECULT
25;Bruno Moreira Ribeiro;06716572678;1970-10-20;M;DPE-GO
26;Patrícia Silva Dias;52735454983;1979-10-14;F;AGRODEFESA
27;Fernando Lima Ribeiro;95788568579;1986-07-25;M;SEMAD
28;Mariana Almeida Ribeiro;35240824088;1959-11-22;F;AGRODEFESA
29;Mariana Oliveira Pereira;71902294181;1977-04-07;F;DGPP
30;Thiago Almeida Cardoso;34123281206;1955-03-29;M;SEEL
31;Fernando Santos Rocha;32421024951;1980-11-22;M;SECAMI
32;Ana Oliveira Gomes;99049027806;1994-09-03;F;SEINFRA
33;Juliana Cardoso Araújo;80715451634;2001-03-02;F;CGE
34;Felipe Costa Barbosa;71093248009;2004-07-18;M;SEEL
35;Fernando Almeida Moreira;82146584033;1980-05-17;M;SEAPA
36;André Lima Nascimento;63605766277;1999-06-09;M;SEAD
37;Patrícia Nascimento Araújo;15865780905;1961-02-20;F;GOIASTURISMO
38;Patrícia Carvalho Martins;23869222190;1989-04-27;F;GOIASTURISMO
39;Amanda Costa Cardoso;64743671302;1989-03-19;F;UEG
40;Camila Moreira Almeida;94210470953;1987-09-25;F;DGPC
41;Bianca Ribeiro Santos;71236851641;1956-04-01;F;SERINT
42;Marcelo Oliveira Cardoso;74612004701;1965-06-02;M;CBM
43;Ana Carvalho Almeida;77351585059;1990-09-20;F;SEINFRA
44;Daniel Almeida Gomes;52904228462;1970-08-27;M;DGPP
45;Gabriela Santos Oliveira;77589178365;1958-11-21;F;DPE-GO
46;Pedro Gomes Moreira;98569847858;1993-08-05;M;CBM
47;Beatriz Ribeiro Gomes;52711116107;1988-06-06;F;DGPC
48;Daniel Dias Almeida;27315851453;1975-04-16;M;ABC
49;Mariana Rodrigues Cardoso;01836675224;1988-03-13;F;SEAPA
50;Beatriz Gomes Almeida;81561497851;1982-09-02;F;SEAD
51;Fernanda Rodrigues Pereira;83885160609;1956-09-06;F;SEMAD
52;Mariana Pereira Santos;36968164507;1974-11-17;F;JUCEG
53;Pedro Nascimento Rodrigues;12779979933;1983-12-30;M;SECTI
54;João Carvalho Costa;11998679853;1958-09-06;M;SECAMI
55;João Lima Barbosa;78892554620;1991-09-03;M;JUCEG
56;Felipe Carvalho Costa;62914865201;2002-03-23;M;SSP
57;Carlos Costa Santos;88805929638;1968-11-02;M;PM
58;Letícia Barbosa Almeida;59774688651;1969-07-16;F;FAPEG
59;Larissa Dias Rodrigues;61375060619;2000-01-14;F;SIC
60;Thiago Barbosa Martins;90104328908;2002-05-08;M;ABC
61;Marcelo Dias Nascimento;32460953968;1992-05-16;M;SEDF
62;Patrícia Gomes Silva;51531952011;1986-08-10;F;SEDS
63;Gustavo Costa Teixeira;68740345025;1984-10-11;M;SEINFRA
64;Mariana Pereira Moreira;28451154409;1995-01-02;F;GOIASPREV
65;Patrícia Dias Ferreira;02970213540;1987-06-28;F;RETOMADA
66;Camila Santos Silva;27868144726;1974-04-02;F;CASACIVIL
67;Marina Costa Ferreira;25831323773;1957-05-11;F;SIC
68;Pedro Ribeiro Cardoso;17785289298;1966-07-30;M;ABC
69;Camila Moreira Teixeira;42498182926;1968-10-31;F;PM
70;Rodrigo Moreira Teixeira;44736471026;1969-03-07;M;SECAMI
71;Gustavo Lima Barbosa;14732104614;1992-07-06;M;GOIASTURISMO
72;Camila Almeida Nascimento;50047974800;1955-09-25;F;CBM
73;Fernando Dias Martins;84991216591;1985-06-03;M;AGRODEFESA
74;Fernanda Nascimento Dias;25952694969;1985-03-06;F;EMATER
75;Daniel Barbosa Gomes;99309728973;1989-02-09;M;SES
76;Gabriela Nascimento Barbosa;02838578626;1983-02-24;F;SEDF
77;Bianca Almeida Dias;57584419887;1989-01-23;F;SECULT
78;Fernanda Santos Moreira;93308330121;1992-01-30;F;JUCEG
79;Felipe Oliveira Cardoso;93802620607;1999-06-11;M;SEDF
80;Eduardo Dias Martins;43152742088;1985-03-30;M;CASACIVIL
81;Marina Lima Silva;46374549996;1956-01-10;F;SERINT
82;Lucas Rodrigues Dias;27956878365;1977-03-14;M;GOIASPREV
83;Pedro Ribeiro Teixeira;71397187093;1995-09-06;M;DGPC
84;Patrícia Oliveira Rocha;01704622697;1988-08-05;F;RETOMADA
85;Eduardo Silva Souza;47868633786;1986-01-20;M;SES
86;Lucas Souza Pereira;73830284306;1983-08-11;M;UEG
87;Marcelo Cardoso Pereira;87056856640;1968-05-21;M;SEAPA
88;Fernando Lima Costa;35175183010;1979-01-31;M;RETOMADA
89;André Santos Dias;39363854671;1996-10-30;M;SEDS
90;Daniel Lima Rodrigues;04899642300;1984-08-05;M;VICEGOV
91;Fernanda Teixeira Cardoso;08010062367;1961-02-05;F;SES
92;João Dias Gomes;84086211815;1968-05-11;M;GOIASTURISMO
93;Carolina Oliveira Cardoso;01666870064;1970-05-17;F;SSP
94;Marina Teixeira Nascimento;02503926150;1981-11-06;F;PM
95;Gustavo Nascimento Moreira;96504773572;2004-08-12;M;RETOMADA
96;André Araújo Ribeiro;51104754150;1966-11-20;M;SSP
97;Tatiane Araújo Silva;46618398207;1989-02-26;F;PM
98;Juliana Lima Cardoso;79937124085;1990-07-02;F;JUCEG
99;Fernando Ribeiro Costa;79356465118;2005-08-02;M;FAPEG
100;Rafael Cardoso Rodrigues;66179796807;2000-06-13;M;SEEL
101;Letícia Ribeiro Martins;10143888994;1974-10-30;F;SECAMI
102;Juliana Ribeiro Barbosa;38757177597;1961-01-10;F;SEAPA
103;Camila Araújo Cardoso;22660937974;1993-07-15;F;RETOMADA
104;Carolina Barbosa Teixeira;59696915500;1996-01-29;F;SEDF
105;Amanda Rodrigues Nascimento;66278282780;1980-11-29;F;DGPC
106;Beatriz Martins Dias;21903404380;2003-03-26;F;CASACIVIL
107;Gabriela Almeida Martins;13407451784;1965-07-13;F;GOIASTURISMO
108;Amanda Teixeira Ferreira;54494812684;1960-04-26;F;SEINFRA
109;Larissa Oliveira Cardoso;16845775940;1955-03-23;F;SSP
110;Daniel Barbosa Ribeiro;00170127753;1955-01-23;M;ABC
111;Bianca Lima Martins;11037129342;2001-08-08;F;SECAMI
112;Fernanda Araújo Rodrigues;21890927520;1974-02-11;F;SES
113;Rafael Moreira Oliveira;38999404315;2001-06-13;M;GOIASPREV
114;Marina Ribeiro Rodrigues;69658271065;1961-01-21;F;CGE
115;Rafael Oliveira Ribeiro;18328569175;1982-10-29;M;ABC
116;Carlos Silva Ferreira;02758842521;1966-05-22;M;SEINFRA
117;Rodrigo Rocha Ferreira;52419138074;1958-12-14;M;CGE
118;Juliana Oliveira Nascimento;51802380647;1961-03-08;F;SEMAD
119;Rodrigo Carvalho Nascimento;73832060375;2003-08-02;M;AGR
120;Mariana Souza Gomes;86571918226;1990-05-19;F;DETRAN
121;Lucas Rodrigues Nascimento;12127756193;2003-01-30;M;AGR
122;André Lima Araújo;68044206752;2004-11-16;M;AGRODEFESA
123;Daniel Rocha Gomes;10137215193;1958-10-31;M;SEMAD
124;Marina Rodrigues Souza;99934768704;1960-06-21;F;SSP
125;Marina Rocha Dias;56420593000;1980-03-15;F;ECONOMIA
126;Patrícia Ferreira Almeida;39559059939;1967-10-01;F;UEG
127;Ana Ribeiro Moreira;32525002997;1967-09-16;F;DGPP
128;Carolina Ribeiro Ferreira;89539264405;1966-06-04;F;SEDF
129;Bianca Oliveira Gomes;55215704384;1977-05-21;F;DETRAN
130;Eduardo Barbosa Nascimento;32710405407;1964-05-24;M;DETRAN
131;Fernanda Souza Rodrigues;53368844482;1976-04-23;F;CBM
132;João Almeida Ferreira;41714677486;1963-03-06;M;SEDS
133;Pedro Cardoso Santos;15869380618;2001-11-18;M;SEEL
134;Carlos Martins Ferreira;23320616307;1968-04-07;M;GOIASPREV
135;Mariana Pereira Rodrigues;29991191437;2003-01-20;F;AGR
136;Ana Araújo Ribeiro;30745054439;1980-02-25;F;GOINFRA
137;Bianca Barbosa Teixeira;50821486217;2002-01-13;F;UEG
138;Carolina Santos Silva;35797279827;1986-05-18;F;AGR
139;Carolina Pereira Teixeira;00722903405;1982-05-28;F;SEINFRA
140;Gabriela Moreira Nascimento;94417154503;1979-11-03;F;SERINT
141;Juliana Pereira Araújo;60993538797;1987-03-01;F;EMATER
142;Gustavo Lima Ribeiro;65549471752;1959-10-25;M;SEDUC
143;Beatriz Rocha Martins;25217525096;1955-06-04;F;SECAMI
144;Bruno Almeida Araújo;05830033542;1982-12-31;M;DGPC
145;Gustavo Barbosa Carvalho;32603323083;2000-04-09;M;PM
146;Larissa Araújo Santos;84723046127;2001-09-05;F;SEINFRA
147;Tatiane Dias Almeida;56420873711;1984-08-29;F;GOIASTURISMO
148;Larissa Souza Rodrigues;20455611009;1955-11-13;F;DGPC
149;Juliana Araújo Dias;62120216940;1998-04-21;F;UEG
150;Carolina Ribeiro Silva;89935889106;1993-10-31;F;GOIASTURISMO
151;Camila Ribeiro Gomes;08386631767;1994-11-07;F;UEG
152;Thiago Nascimento Moreira;48837550375;1995-10-09;M;JUCEG
153;Bianca Santos Souza;27261493325;1965-10-31;F;SECULT
154;Bruno Souza Rocha;69782922145;1989-10-03;M;GOIASPREV
155;Tatiane Teixeira Ribeiro;83339452288;2000-03-16;F;SEDS
156;João Araújo Rodrigues;00342442040;1981-06-24;M;SECOM
157;Bianca Cardoso Souza;66658004315;1994-10-01;F;VICEGOV
158;Fernando Souza Martins;48422940515;1996-11-01;M;SES
159;Thiago Dias Ferreira;68861533582;1984-09-13;M;SIC
160;Beatriz Santos Pereira;48408588702;1998-09-03;F;SEAD
161;Eduardo Cardoso Pereira;13861207583;1958-05-26;M;SSP
162;Fernando Cardoso Santos;80919015859;1964-07-09;M;CASACIVIL
163;Letícia Teixeira Costa;24508821030;1955-06-14;F;UEG
164;Camila Santos Almeida;90878141430;1963-10-23;F;FAPEG
165;Amanda Cardoso Costa;92995562026;1983-02-06;F;GOIASTURISMO
166;Marcelo Nascimento Oliveira;42834110867;1957-10-19;M;SEDUC
167;Fernanda Martins Teixeira;81658039211;2001-02-15;F;DGPC
168;Bruno Carvalho Pereira;77005184408;2003-11-02;M;UEG
169;Marina Nascimento Silva;82723184315;1968-06-24;F;SEDF
170;Ana Lima Souza;29922809257;1960-01-07;F;PM
171;Eduardo Pereira Moreira;29298425716;1961-03-05;M;VICEGOV
172;Felipe Teixeira Dias;11729806830;1992-09-27;M;SIC
173;Felipe Oliveira Ribeiro;98643009890;1965-07-28;M;DPE-GO
174;Amanda Gomes Pereira;36887258838;1998-05-26;F;SERINT
175;Pedro Araújo Cardoso;01279611430;1974-11-23;M;SIC
176;Camila Souza Moreira;88392053060;1969-02-15;F;SSP
177;Patrícia Gomes Lima;93769042654;2000-06-01;F;CBM
178;Thiago Ribeiro Barbosa;79071416305;1975-08-18;M;SECTI
179;Patrícia Almeida Nascimento;42373334348;1975-07-25;F;FAPEG
180;Larissa Rocha Gomes;72846392021;2002-03-02;F;ABC
181;Fernando Rocha Santos;55942843465;1997-04-15;M;JUCEG
182;Eduardo Santos Costa;38663227043;1970-11-05;M;SEEL
183;Lucas Gomes Dias;17545588444;1985-11-15;M;PGE
184;Marina Oliveira Pereira;94722569967;1991-04-25;F;DETRAN
185;Beatriz Ferreira Almeida;02341326129;1963-07-29;F;DETRAN
186;Camila Lima Ribeiro;72282005511;1997-09-19;F;SEMAD
187;Marina Carvalho Dias;83174564204;1982-03-27;F;CGE
188;Thiago Silva Rocha;53686632691;1988-12-11;M;VICEGOV
189;Mariana Moreira Martins;97497350218;1959-06-15;F;SEDS
190;Juliana Barbosa Carvalho;70512046107;2003-09-25;F;SGG
191;Rodrigo Araújo Costa;52088147497;1972-10-29;M;SIC
192;João Rocha Barbosa;92513271904;1985-05-12;M;ECONOMIA
193;Patrícia Rodrigues Costa;07784873930;1971-09-29;F;SEDS
194;Ana Moreira Dias;62095935187;2003-05-09;F;RETOMADA
195;Eduardo Rodrigues Almeida;03173109686;1998-12-14;M;DPE-GO
196;Gustavo Teixeira Pereira;50948014148;1974-05-15;M;DPE-GO
197;Thiago Moreira Rocha;57612286882;1985-04-12;M;PM
198;Fernando Teixeira Gomes;57760049005;2001-06-09;M;DGPC
199;João Martins Carvalho;22459334435;1963-03-31;M;UEG
200;Mariana Souza Carvalho;56613906026;1982-05-06;F;DPE-GO
201;Fernando Costa Pereira;22517908613;1978-07-22;M;SSP
202;Lucas Oliveira Costa;65911665565;1972-02-02;M;SECTI
203;Fernanda Oliveira Rodrigues;03924051488;1995-05-18;F;SGG
204;Fernando Rocha Dias;04204394043;1996-09-17;M;CGE
205;Pedro Almeida Teixeira;78003845785;1990-04-17;M;PM
206;Gustavo Araújo Rodrigues;16893639244;1993-04-05;M;SEAPA
207;Fernando Rodrigues Cardoso;92518812512;1968-01-21;M;PGE
208;Amanda Rocha Moreira;39330517200;2000-01-25;F;GOIASPREV
209;Beatriz Lima Almeida;31279757329;1993-05-11;F;SECULT
210;Tatiane Souza Gomes;88608680335;1981-02-14;F;SECAMI
211;Pedro Rocha Teixeira;26657027974;1973-02-11;M;SEMAD
212;Gabriela Araújo Souza;25922220659;1982-08-21;F;SEAPA
213;Daniel Barbosa Lima;39776719953;1955-08-04;M;GOIASTURISMO
214;Patrícia Oliveira Souza;16224999805;1970-12-01;F;SEMAD
215;Carlos Gomes Carvalho;86833901953;2002-06-15;M;SSP
216;Gabriela Moreira Barbosa;72934301087;1996-09-15;F;DGPP
217;Juliana Dias Rocha;50155699040;1970-10-04;F;FAPEG
218;Eduardo Dias Costa;95880395502;1960-12-09;M;SES
219;Bianca Souza Costa;61735743810;1982-02-14;F;SEDF
220;Letícia Ribeiro Rodrigues;18230768153;1955-05-15;F;SEAPA
221;Camila Almeida Ribeiro;48571422443;1965-04-08;F;CGE
222;Rafael Nascimento Ribeiro;87020701620;1959-10-29;M;SSP
223;Mariana Martins Costa;77332945681;1971-06-14;F;JUCEG
224;Bruno Santos Pereira;15814876905;1992-02-03;M;GOIASTURISMO
225;Pedro Cardoso Oliveira;97199758146;1994-12-10;M;SEDF
226;Thiago Rodrigues Ferreira;78469973355;1983-05-28;M;SEAPA
227;João Teixeira Carvalho;14036965603;1991-06-05;M;RETOMADA
228;João Oliveira Cardoso;02762126738;1993-03-11;M;SEDF
229;André Dias Gomes;68950097524;1965-02-25;M;SEDUC
230;Marcelo Moreira Teixeira;94905807751;2000-12-28;M;SGG
231;Amanda Ferreira Nascimento;04904712854;1961-11-23;F;SEINFRA
232;Rodrigo Ferreira Teixeira;05129276698;1976-05-07;M;SECAMI
233;Bianca Teixeira Lima;66742860448;1995-04-07;F;RETOMADA
234;Larissa Cardoso Lima;93852580013;1961-02-04;F;CGE
235;Daniel Moreira Santos;11926921283;1977-09-23;M;CASACIVIL
236;Rafael Gomes Ferreira;71739627148;1967-11-28;M;SEDS
237;Marcelo Moreira Silva;06425690887;1999-01-08;M;SGG
238;Ana Moreira Cardoso;15851743271;2004-09-29;F;SEAD
239;Rodrigo Araújo Oliveira;84787005014;1985-04-19;M;SEAD
240;Marina Nascimento Souza;32020417979;1970-04-25;F;SEDUC
241;Gustavo Almeida Souza;92511426293;1988-03-09;M;AGRODEFESA
242;André Moreira Rocha;46723248775;1991-12-19;M;GOIASTURISMO
243;Daniel Carvalho Rocha;83734031249;1997-07-24;M;GOINFRA
244;Felipe Teixeira Ferreira;20781137942;1984-03-30;M;SEEL
245;Ana Pereira Rodrigues;39726527392;1987-03-04;F;SEINFRA
246;Felipe Costa Moreira;29298316852;1998-11-21;M;SECOM
247;Fernando Souza Oliveira;78068671714;1999-06-08;M;GOIASTURISMO
248;Tatiane Rocha Nascimento;07726257008;1961-05-05;F;RETOMADA
249;Bruno Cardoso Carvalho;01657905551;1970-09-22;M;AGRODEFESA
250;Gabriela Cardoso Pereira;40155778846;1966-01-03;F;SGG
251;Carlos Ferreira Costa;12723804674;2003-07-29;M;DGPC
252;Larissa Rocha Dias;87749242490;1975-05-07;F;SGG
253;Pedro Lima Santos;05927452361;2005-06-18;M;SEAD
254;Marina Ribeiro Rodrigues;08854749290;2005-09-16;F;SECAMI
255;Gustavo Souza Moreira;39834301804;1994-12-18;M;SSP
256;Ana Costa Araújo;54781376770;1980-11-22;F;PM
257;Mariana Silva Martins;46287923210;1989-04-01;F;CASACIVIL
258;Mariana Moreira Costa;62730147101;1987-06-16;F;SEDUC
259;Larissa Rodrigues Araújo;20456504486;2002-07-07;F;DETRAN
260;Tatiane Rodrigues Silva;28457652150;1974-07-19;F;SES
261;Patrícia Costa Araújo;27985240160;1974-12-13;F;DGPC
262;Ana Almeida Santos;08907140103;1982-01-23;F;CGE
263;Eduardo Dias Moreira;38911908320;1972-03-08;M;CASACIVIL
264;Beatriz Almeida Teixeira;36151718291;1999-06-25;F;SIC
265;Bruno Pereira Costa;63175207120;1990-07-24;M;SECAMI
266;Mariana Lima Martins;74994657998;1991-04-14;F;GOINFRA
267;Rodrigo Cardoso Silva;26952499180;1961-11-12;M;DPE-GO
268;Marina Santos Pereira;75677002801;1982-03-10;F;PM
269;Bruno Souza Pereira;47969545033;1957-07-11;M;SEDUC
270;Lucas Lima Cardoso;49114152070;2003-04-21;M;SECTI
271;Thiago Barbosa Santos;35785294516;1994-02-11;M;FAPEG
272;Daniel Ribeiro Gomes;19876351400;2000-04-10;M;SEAPA
273;Daniel Barbosa Almeida;74896908384;1987-09-06;M;SEMAD
274;Fernando Lima Santos;23034778678;1992-11-10;M;SEAD
275;Tatiane Oliveira Martins;51623198135;2001-10-29;F;SEDUC
276;Carlos Ferreira Lima;47649078523;1965-02-18;M;SECTI
277;André Cardoso Lima;48645183781;1989-11-07;M;CGE
278;Larissa Pereira Ribeiro;61248156994;2004-02-20;F;SECTI
279;Lucas Dias Cardoso;29657724210;1984-05-22;M;CASACIVIL
280;Rodrigo Almeida Costa;20696942160;1988-01-04;M;PM
281;Fernanda Pereira Almeida;93436262072;1981-01-13;F;SERINT
282;Bianca Pereira Moreira;41180053796;1986-10-14;F;GOIASPREV
283;Rafael Ferreira Teixeira;75721586257;1978-05-12;M;DGPP
284;Bianca Barbosa Rodrigues;87032032044;1997-03-10;F;SERINT
285;Carlos Carvalho Oliveira;34228499392;1955-05-16;M;DPE-GO
286;Eduardo Ribeiro Rodrigues;01777490596;1958-12-07;M;SECAMI
287;Fernanda Lima Pereira;10326642153;1981-10-13;F;GOINFRA
288;Mariana Pereira Carvalho;92661085700;1975-02-12;F;SES
289;Bruno Pereira Costa;90810818612;1992-01-20;M;CBM
290;Ana Oliveira Martins;45977945221;1973-12-08;F;SEDF
291;Bianca Araújo Moreira;74995641262;1967-02-14;F;CGE
292;Rodrigo Pereira Silva;12277707902;1976-10-07;M;FAPEG
293;Beatriz Barbosa Teixeira;99730806969;1983-05-03;F;AGRODEFESA
294;Patrícia Martins Lima;83959724667;1992-05-25;F;SIC
295;Juliana Lima Almeida;80054522846;1957-11-13;F;DETRAN
296;André Souza Barbosa;71199180874;1964-06-16;M;PM
297;Rodrigo Pereira Silva;37548214588;1992-03-26;M;SIC
298;Ana Martins Rodrigues;08115562637;1960-07-07;F;SECULT
299;André Araújo Barbosa;38997563475;1962-07-24;M;SEAD
300;João Silva Rocha;94346810578;1978-04-21;M;EMATER
301;Gustavo Costa Ribeiro;92683158904;1972-04-10;M;SIC
302;Amanda Teixeira Dias;64976776239;1967-12-13;F;EMATER
303;Mariana Santos Araújo;94082154515;1982-03-17;F;CASACIVIL
304;Mariana Souza Martins;79497567995;1966-11-30;F;DGPC
305;Marcelo Martins Gomes;12094818128;1972-04-06;M;SEDS
306;Eduardo Rocha Martins;18956907064;1985-07-01;M;ABC
307;Letícia Oliveira Ferreira;46209520014;1981-09-26;F;RETOMADA
308;Mariana Gomes Souza;57861706320;1956-09-02;F;SEINFRA
309;Gabriela Ferreira Gomes;86870079498;1970-01-06;F;CGE
310;Mariana Araújo Santos;28463985505;1978-06-13;F;SECAMI
311;Fernando Teixeira Barbosa;68118071561;1988-10-07;M;GOIASPREV
312;Camila Oliveira Moreira;43375047967;1973-10-04;F;CGE
313;Daniel Rodrigues Oliveira;24938430886;1977-09-09;M;AGRODEFESA
314;Felipe Lima Souza;46875063565;1962-05-04;M;UEG
315;Daniel Moreira Ribeiro;43173505808;1976-03-28;M;DETRAN
316;Felipe Martins Souza;49611080492;1989-03-22;M;SECULT
317;Rodrigo Dias Ribeiro;93110919362;1966-04-21;M;EMATER
318;Juliana Rocha Teixeira;22749545005;2001-06-11;F;SEDUC
319;Camila Cardoso Barbosa;79599594630;1984-06-25;F;PM
320;Camila Araújo Ferreira;05015081200;1981-01-25;F;SECAMI
321;Pedro Almeida Silva;24102615318;1982-05-15;M;SEMAD
322;Patrícia Nascimento Pereira;30993842593;1977-03-05;F;ECONOMIA
323;Larissa Dias Martins;25587774910;1990-12-21;F;SEDUC
324;Gabriela Oliveira Ferreira;14785390700;2000-12-15;F;JUCEG
325;Gustavo Oliveira Ribeiro;88814311145;1987-04-27;M;SEAD
326;Tatiane Carvalho Pereira;69078263300;1973-10-30;F;SGG
327;Gustavo Rodrigues Nascimento;24075536670;1991-03-10;M;SEDS
328;Fernando Oliveira Rocha;63715974184;1970-05-19;M;CBM
329;Rodrigo Souza Araújo;80256621284;2003-02-16;M;SEEL
330;Bruno Cardoso Martins;43027169327;2002-03-06;M;JUCEG
331;Camila Ferreira Moreira;67629160313;1969-03-03;F;SEINFRA
332;Larissa Ferreira Costa;38070176580;1990-10-29;F;FAPEG
333;Fernanda Barbosa Gomes;22091241822;1990-01-24;F;PM
334;Fernando Costa Barbosa;09006335304;1972-12-10;M;SSP
335;Patrícia Teixeira Cardoso;39386613301;1964-07-01;F;AGR
336;Felipe Almeida Martins;49718924191;1984-02-06;M;RETOMADA
337;Bruno Rocha Silva;30914363905;1962-02-14;M;ECONOMIA
338;Carolina Souza Teixeira;64035533807;1959-11-07;F;GOIASTURISMO
339;Lucas Rodrigues Oliveira;29833816762;1982-12-11;M;PM
340;Gustavo Araújo Pereira;27768962710;1956-10-11;M;RETOMADA
341;Gabriela Nascimento Barbosa;15273230055;1999-12-02;F;SIC
342;Lucas Pereira Gomes;58750663348;1997-11-10;M;SEAD
343;Carlos Oliveira Cardoso;66918362607;1977-09-08;M;SEAPA
344;Pedro Barbosa Silva;11686462271;1988-08-11;M;SEDF
345;Rafael Pereira Barbosa;91214161413;1960-10-06;M;JUCEG
346;Fernando Nascimento Dias;47759655576;1983-04-13;M;GOIASTURISMO
347;Eduardo Dias Gomes;35797863006;1983-11-27;M;PGE
348;André Araújo Costa;93289802752;1962-10-24;M;SEAPA
349;Carlos Pereira Silva;25643471264;2002-12-15;M;GOINFRA
350;Rafael Oliveira Rodrigues;15931952578;1989-02-09;M;UEG
351;Carlos Araújo Silva;87524377282;1980-06-04;M;SES
352;Thiago Ribeiro Rodrigues;33027642006;2004-02-27;M;SECULT
353;Letícia Rocha Souza;47292774229;1973-10-26;F;SECOM
354;João Santos Teixeira;59626301309;1990-08-02;M;GOINFRA
355;Rodrigo Moreira Dias;30999741969;1971-04-01;M;RETOMADA
356;Mariana Dias Nascimento;81312920882;1995-02-14;F;SECTI
357;Fernando Cardoso Silva;34084872946;1998-12-31;M;SECTI
358;Daniel Carvalho Gomes;29618446220;1990-11-22;M;SEMAD
359;Gustavo Pereira Araújo;09314181863;1991-06-30;M;DETRAN
360;Pedro Dias Costa;97185948410;1963-11-21;M;ECONOMIA
361;Marcelo Rodrigues Ferreira;69405396706;1971-06-05;M;SECAMI
362;Marcelo Oliveira Santos;31290148708;1955-12-17;M;ABC
363;Camila Cardoso Dias;90972832130;1987-12-06;F;DGPC
364;Juliana Gomes Almeida;09634807909;1998-10-21;F;ECONOMIA
365;Camila Oliveira Teixeira;82617024300;1997-03-24;F;SECULT
366;Gustavo Almeida Santos;34026650260;1972-11-07;M;SGG
367;Pedro Rodrigues Araújo;80305690680;1998-01-29;M;CASACIVIL
368;Camila Barbosa Santos;89239231250;1991-01-01;F;SEAD
369;Lucas Ribeiro Martins;70860414590;1980-03-03;M;AGR
370;Fernando Ferreira Costa;75541108292;1984-09-18;M;SIC
371;João Rocha Cardoso;33711895468;1997-07-17;M;FAPEG
372;Felipe Pereira Oliveira;76880294227;1980-12-26;M;SEAD
373;Amanda Gomes Almeida;20293908796;2000-03-14;F;DPE-GO
374;Felipe Gomes Rodrigues;40338105956;1988-02-12;M;SECTI
375;Rafael Silva Rocha;91649837305;1984-02-03;M;SEINFRA
376;Lucas Rocha Barbosa;24042269320;1961-03-25;M;SES
377;Thiago Moreira Souza;23142900110;2003-08-29;M;JUCEG
378;Carolina Teixeira Santos;00184186277;1955-02-09;F;VICEGOV
379;Patrícia Oliveira Moreira;51510922601;2002-08-04;F;JUCEG
380;Eduardo Rodrigues Cardoso;25267711969;1993-05-07;M;SEINFRA
381;Fernanda Moreira Lima;66878878829;1975-08-24;F;RETOMADA
382;Felipe Santos Souza;55247286367;1973-11-27;M;VICEGOV
383;João Rodrigues Araújo;21310962243;1997-02-22;M;DGPC
384;João Araújo Martins;78498436222;1979-05-22;M;SSP
385;Patrícia Moreira Cardoso;66205634147;1964-05-13;F;DETRAN
386;Bruno Almeida Cardoso;03419909730;1959-02-05;M;ECONOMIA
387;Gustavo Pereira Teixeira;18209679058;1981-01-10;M;PM
388;Letícia Rodrigues Carvalho;45960633973;1961-09-23;F;SES
389;Carlos Gomes Nascimento;55112747471;1994-08-28;M;DGPC
390;Mariana Cardoso Pereira;87409038004;1968-11-12;F;CBM
391;Pedro Santos Pereira;63651559726;1974-01-28;M;SGG
392;Felipe Carvalho Martins;73030644278;1962-07-02;M;SES
393;Fernanda Almeida Araújo;67782659655;1955-11-22;F;AGRODEFESA
394;Thiago Cardoso Pereira;48072791060;1974-08-12;M;FAPEG
395;Marina Costa Teixeira;17766558696;2001-12-08;F;JUCEG
396;Carolina Costa Moreira;11110961715;2003-11-14;F;CBM
397;Letícia Martins Pereira;60538444460;1992-03-16;F;GOIASTURISMO
398;Camila Nascimento Cardoso;60962626511;2001-05-29;F;PM
399;Fernando Silva Cardoso;92098196083;1966-09-17;M;SEMAD
400;Marcelo Silva Cardoso;91179112490;1978-07-04;M;SEDF
401;Beatriz Ribeiro Cardoso;72240299045;1965-07-07;F;JUCEG
402;Lucas Carvalho Santos;30523124481;1998-03-16;M;FAPEG
403;Beatriz Santos Nascimento;94237676994;1979-05-17;F;SECTI
404;Juliana Nascimento Cardoso;85601256209;1987-02-04;F;GOIASTURISMO
405;Bruno Oliveira Pereira;49383184906;1961-09-17;M;UEG
406;Rodrigo Ferreira Moreira;59639040991;1955-06-02;M;SEMAD
407;Patrícia Carvalho Pereira;18579064708;1999-04-05;F;DGPP
408;Tatiane Teixeira Silva;04010414502;1989-01-19;F;SEINFRA
409;Carolina Barbosa Gomes;57314415889;1976-09-29;F;SECOM
410;Letícia Costa Barbosa;28123567901;2001-01-24;F;FAPEG
411;João Martins Ferreira;40787541800;1962-07-17;M;AGR
412;Bianca Pereira Almeida;43629489702;2001-07-12;F;ABC
413;Camila Nascimento Araújo;66134732354;1986-03-10;F;CASACIVIL
414;Pedro Ribeiro Barbosa;20765024160;1970-04-26;M;CGE
415;Thiago Rodrigues Santos;14577584743;1977-09-29;M;SIC
416;Gustavo Barbosa Silva;39653136143;1979-07-29;M;SEDS
417;Tatiane Nascimento Santos;67954107221;1996-11-01;F;SES
418;João Barbosa Costa;06500425499;2000-01-14;M;AGRODEFESA
419;Beatriz Araújo Santos;44942965977;1967-06-27;F;FAPEG
420;Pedro Dias Martins;58575676610;1996-05-20;M;PGE
421;Ana Araújo Rodrigues;60787010456;1964-08-08;F;JUCEG
422;Fernanda Lima Cardoso;24407931167;1955-01-02;F;SES
423;Larissa Ferreira Gomes;84979162045;1971-07-31;F;SES
424;Beatriz Araújo Santos;76620471994;1989-12-08;F;CGE
425;Gustavo Dias Araújo;81225957230;1979-12-21;M;SEAPA
426;Amanda Nascimento Araújo;10023117729;1984-01-14;F;VICEGOV
427;Letícia Carvalho Moreira;02517629803;1972-12-01;F;FAPEG
428;Lucas Souza Ferreira;05698152829;1999-07-07;M;FAPEG
429;Daniel Oliveira Ferreira;84117309803;1984-09-08;M;PGE
430;Beatriz Nascimento Souza;81974005631;1978-05-28;F;FAPEG
431;Mariana Pereira Moreira;91872401066;1999-07-21;F;EMATER
432;Bruno Barbosa Souza;66266821729;1965-08-02;M;SIC
433;Eduardo Lima Souza;10272405507;1976-11-29;M;CASACIVIL
434;Patrícia Teixeira Costa;38458810549;1991-11-10;F;GOINFRA
435;Carolina Martins Santos;07044964109;1960-05-10;F;SEINFRA
436;Marcelo Costa Souza;85095493039;1985-08-03;M;ABC
437;Larissa Lima Rodrigues;04413845951;1990-05-27;F;SEAD
438;Rodrigo Silva Barbosa;05783609188;1979-10-20;M;AGRODEFESA
439;Carlos Moreira Souza;28795083049;1978-03-29;M;SERINT
440;Lucas Ribeiro Nascimento;56164205905;1987-04-28;M;JUCEG
441;Thiago Ribeiro Teixeira;89536902699;1962-01-14;M;DETRAN
442;Patrícia Gomes Almeida;94353537547;1965-05-09;F;GOIASTURISMO
443;Daniel Rodrigues Rocha;36929445517;1965-08-01;M;SSP
444;Bianca Santos Ferreira;06021288629;1992-11-21;F;AGR
445;Larissa Pereira Cardoso;76472298181;1968-08-29;F;CGE
446;Ana Rocha Dias;89864565249;1967-11-06;F;SEAD
447;Larissa Martins Lima;24491342121;1973-07-22;F;AGRODEFESA
448;Bianca Martins Teixeira;27411767441;1962-10-17;F;DGPC
449;André Ribeiro Souza;61853800309;1967-04-13;M;SEDUC
450;João Pereira Oliveira;78932064970;1989-02-12;M;SEDUC
451;Juliana Santos Gomes;14675361218;1996-09-10;F;SECTI
452;Ana Teixeira Ribeiro;45667664038;1979-01-27;F;GOINFRA
453;Fernanda Nascimento Teixeira;00615581099;2001-07-13;F;SECOM
454;João Souza Silva;81867024403;1957-03-05;M;VICEGOV
455;Ana Silva Rocha;92196394599;1993-02-21;F;EMATER
456;Gabriela Gomes Dias;48836076580;2004-01-14;F;CBM
457;Carlos Teixeira Ferreira;37931269780;2001-12-15;M;UEG
458;Bianca Almeida Rocha;78753577809;2004-10-09;F;SSP
459;Larissa Ferreira Cardoso;87286604120;1994-01-25;F;CASACIVIL
460;Gabriela Nascimento Gomes;77352287086;1983-07-03;F;SEEL
461;Amanda Ferreira Oliveira;58350344660;1982-06-06;F;SIC
462;Pedro Dias Nascimento;65999497388;1970-01-30;M;CGE
463;Beatriz Cardoso Barbosa;54813866662;1997-07-26;F;AGR
464;Carolina Santos Rocha;65205756314;2005-03-22;F;FAPEG
465;Gabriela Silva Moreira;40476044022;1957-09-24;F;SGG
466;Eduardo Rodrigues Oliveira;61070518484;1972-06-02;M;PGE
467;André Gomes Oliveira;27049386286;1955-04-16;M;SEAPA
468;Pedro Ribeiro Nascimento;02035713471;1972-02-22;M;DGPC
469;Juliana Martins Gomes;17595587298;1958-04-18;F;SEDUC
470;Camila Martins Gomes;01827279559;1988-05-25;F;UEG
471;Felipe Carvalho Costa;27820797940;1994-01-09;M;SECULT
472;Letícia Gomes Nascimento;69028249834;1972-10-21;F;UEG
473;Lucas Ferreira Ribeiro;41233613235;2004-10-27;M;SIC
474;Fernanda Ribeiro Rodrigues;65469681505;1998-10-22;F;SEDUC
475;Pedro Barbosa Almeida;03461562629;1968-07-10;M;CASACIVIL
476;Marcelo Araújo Silva;25298670709;1991-01-15;M;ABC
477;Fernando Teixeira Araújo;12059438977;1995-10-27;M;ABC
478;Letícia Silva Rocha;42456075480;1958-03-13;F;GOIASPREV
479;Larissa Nascimento Lima;89701550234;1964-01-27;F;RETOMADA
480;Juliana Nascimento Dias;83059736464;1971-08-30;F;SEINFRA
481;Amanda Moreira Ribeiro;13305319496;1996-04-29;F;SEDUC
482;Tatiane Barbosa Almeida;82646091710;2005-05-11;F;AGR
483;Amanda Pereira Martins;04873682665;1966-01-29;F;CBM
484;Patrícia Carvalho Cardoso;15888636703;1996-08-14;F;CASACIVIL
485;Beatriz Pereira Almeida;09329981941;1991-09-03;F;PGE
486;Patrícia Lima Ferreira;73524103928;1996-05-16;F;SEMAD
487;João Souza Martins;87616481914;2002-12-03;M;PGE
488;André Ferreira Araújo;65237341535;1961-08-24;M;SEMAD
489;Pedro Dias Costa;03595442903;1982-05-04;M;SGG
490;Daniel Silva Costa;58867925202;1999-12-15;M;SECTI
491;Lucas Rodrigues Costa;91357790805;1975-06-28;M;FAPEG
492;Lucas Gomes Ferreira;33720948404;1963-03-13;M;FAPEG
493;Gustavo Moreira Oliveira;37171731898;1974-04-15;M;GOIASPREV
494;Larissa Moreira Ferreira;58784448369;1985-08-09;F;SEINFRA
495;Thiago Pereira Costa;17582313356;1982-07-24;M;EMATER
496;Eduardo Ferreira Moreira;25879643425;1997-05-05;M;SEAPA
497;Fernando Carvalho Cardoso;27403344510;1957-02-14;M;SECTI
498;Gustavo Barbosa Nascimento;70673499669;1960-04-27;M;CBM
499;Tatiane Rodrigues Ferreira;94938173506;2004-01-14;F;SERINT
500;Patrícia Almeida Costa;49021666740;1959-04-23;F;DPE-GO
501;André Oliveira Nascimento;18182819709;1972-02-16;M;DETRAN
502;Marina Silva Pereira;94096003590;1993-04-27;F;SES
503;Carlos Silva Rocha;90285155342;1973-09-25;M;FAPEG
504;Fernando Souza Barbosa;76336911233;2000-06-16;M;SEDUC
505;Larissa Gomes Teixeira;17006661501;1987-05-02;F;SEAPA
506;Pedro Dias Rodrigues;27009345988;1992-03-21;M;PM
507;Marina Gomes Moreira;50050702653;1959-03-04;F;SEDS
508;Beatriz Teixeira Martins;29047742540;2003-06-12;F;SIC
509;André Araújo Costa;91334245789;2001-08-23;M;DPE-GO
510;Eduardo Lima Ferreira;65097753950;1991-05-24;M;SECAMI
511;Carolina Santos Carvalho;84156082172;1975-05-18;F;SEMAD
512;Pedro Cardoso Lima;03589298812;1959-03-20;M;SEDS
513;Rafael Souza Pereira;46867752489;1955-01-12;M;DETRAN
514;Letícia Ferreira Cardoso;66933513440;1967-08-07;F;SECULT
515;Camila Cardoso Martins;41897215495;1958-09-04;F;RETOMADA
516;Camila Cardoso Barbosa;66014448551;1992-08-24;F;SERINT
517;Gabriela Nascimento Rocha;69860919151;1963-07-08;F;DGPP
518;Carolina Silva Lima;92051460728;1977-09-29;F;AGR
519;Bianca Araújo Carvalho;27155983519;1982-06-09;F;CBM
520;Letícia Ferreira Almeida;50139488430;2005-03-26;F;SEDS
521;Mariana Costa Moreira;91537038206;1979-07-25;F;PGE
522;Gabriela Teixeira Nascimento;36289696467;1987-08-27;F;SERINT
523;Gabriela Ribeiro Santos;93583749006;1996-04-16;F;SECAMI
524;Mariana Gomes Nascimento;40976263700;1982-10-18;F;SEDS
525;Amanda Santos Oliveira;91862339201;1971-04-05;F;PGE
526;Rafael Carvalho Ferreira;64712463317;1986-07-05;M;SSP
527;João Ribeiro Pereira;40995123985;1999-09-12;M;SEDF
528;Felipe Teixeira Santos;44152982144;1999-08-25;M;FAPEG
529;Camila Araújo Souza;50791815838;2005-07-05;F;UEG
530;Mariana Barbosa Silva;71587964775;1980-10-06;F;ECONOMIA
531;Beatriz Almeida Araújo;80688285082;1974-03-30;F;CBM
532;Felipe Costa Silva;35263560257;1967-09-17;M;GOIASPREV
533;Juliana Nascimento Silva;60723111219;1998-10-30;F;DETRAN
534;Tatiane Almeida Oliveira;87328077166;1964-12-29;F;VICEGOV
535;Thiago Almeida Carvalho;09025425755;1972-12-31;M;ECONOMIA
536;Gabriela Ferreira Rodrigues;85011688070;1970-03-30;F;SECTI
537;Daniel Teixeira Oliveira;07964967304;1999-01-04;M;SERINT
538;Bianca Silva Martins;42076836233;1986-08-31;F;SECOM
539;Lucas Almeida Lima;93957865409;1974-02-26;M;SECULT
540;Marina Dias Pereira;27036924985;1968-12-25;F;SECULT
541;Marcelo Santos Oliveira;10005155320;1968-07-05;M;SECOM
542;Felipe Rodrigues Almeida;61896288774;1980-03-25;M;GOIASTURISMO
543;Marina Martins Nascimento;92707955191;1988-03-11;F;DETRAN
544;Fernanda Carvalho Gomes;38480752025;1976-06-04;F;SEAPA
545;Rafael Araújo Almeida;76604655890;1993-01-31;M;SEEL
546;João Rodrigues Santos;31251293115;1961-10-07;M;CGE
547;Pedro Oliveira Santos;06330165866;1972-04-13;M;SGG
548;Fernanda Teixeira Nascimento;31132532680;1981-08-14;F;GOIASPREV
549;Rodrigo Carvalho Souza;96170159510;1960-11-28;M;UEG
550;João Carvalho Martins;77567772205;1989-08-04;M;SEEL
551;João Araújo Dias;24530762483;2004-04-13;M;SEINFRA
552;Fernanda Lima Teixeira;73670425489;1993-06-27;F;DGPP
553;Lucas Ribeiro Lima;57485953206;1983-11-15;M;UEG
554;Mariana Dias Barbosa;79417634275;1987-08-21;F;ECONOMIA
555;Eduardo Moreira Almeida;99140388409;1977-04-08;M;RETOMADA
556;Carolina Araújo Rocha;29751474302;1995-09-02;F;CASACIVIL
557;Marcelo Pereira Cardoso;56259045964;1958-07-14;M;EMATER
558;Patrícia Oliveira Martins;51768086680;1968-11-26;F;AGRODEFESA
559;Rodrigo Souza Oliveira;33228556603;1956-09-22;M;EMATER
560;Gustavo Oliveira Nascimento;58263280966;1980-03-31;M;SEINFRA
561;Larissa Silva Barbosa;98632106171;1973-06-11;F;FAPEG
562;Ana Almeida Ferreira;53765769223;1999-02-10;F;SGG
563;Beatriz Rocha Ferreira;10533651441;1992-06-15;F;PGE
564;André Lima Barbosa;98440971265;1974-05-01;M;DETRAN
565;Bianca Costa Dias;34043370008;2005-07-12;F;ABC
566;Bianca Teixeira Rocha;25562965771;1986-03-03;F;CASACIVIL
567;Letícia Teixeira Ferreira;05829582961;1967-07-08;F;SECOM
568;André Lima Carvalho;71558686398;1986-07-02;M;SEEL
569;Thiago Araújo Costa;38130004194;1973-07-30;M;SEDF
570;Camila Costa Martins;99799070708;1983-09-04;F;AGR
571;Rodrigo Gomes Rocha;11317653971;1997-02-06;M;SEAD
572;Rodrigo Gomes Nascimento;68049187209;1995-07-12;M;CASACIVIL
573;Letícia Moreira Ferreira;60423597388;1994-11-22;F;DGPP
574;Fernando Barbosa Souza;46861114553;1997-07-31;M;SECULT
575;Mariana Cardoso Ferreira;96180332444;1966-12-14;F;SECULT
576;Letícia Almeida Lima;77731268870;1961-05-12;F;SES
577;Ana Pereira Souza;56035679374;1966-06-04;F;SGG
578;Bruno Oliveira Ferreira;05464754857;1984-05-06;M;SEAPA
579;Patrícia Teixeira Dias;91444498363;1983-02-01;F;SECTI
580;Thiago Nascimento Rodrigues;43588537902;2001-08-30;M;SEDF
581;Gabriela Ribeiro Rodrigues;49141686004;1960-12-20;F;FAPEG
582;Amanda Santos Dias;66512215079;1958-09-06;F;DETRAN
583;Juliana Pereira Lima;33999485302;1968-08-11;F;PGE
584;Letícia Barbosa Santos;13633792244;1974-10-08;F;SEINFRA
585;Larissa Rodrigues Pereira;96084376878;1985-09-16;F;SECTI
586;Lucas Ribeiro Araújo;64343697002;2005-07-15;M;GOIASTURISMO
587;Mariana Pereira Gomes;53454722381;2001-05-25;F;GOIASPREV
588;Bruno Gomes Barbosa;24264236410;1969-12-13;M;DPE-GO
589;Carlos Santos Costa;28178522810;1971-10-05;M;GOIASTURISMO
590;Eduardo Rodrigues Gomes;95947372126;1977-04-08;M;PM
591;Marina Dias Martins;85996486245;2000-02-21;F;GOINFRA
592;Gustavo Barbosa Almeida;03627924614;1976-12-07;M;SES
593;Felipe Moreira Santos;45057661957;1981-05-16;M;AGR
594;André Teixeira Gomes;00838507670;1984-12-19;M;SEMAD
595;Pedro Araújo Ribeiro;74223196405;1990-05-20;M;VICEGOV
596;João Oliveira Almeida;04713727148;1962-03-05;M;SEMAD
597;Letícia Nascimento Lima;30674584783;1991-04-23;F;ECONOMIA
598;Bianca Araújo Martins;95413297130;1983-03-02;F;ECONOMIA
599;Fernando Pereira Lima;43925295925;1988-10-22;M;SSP
600;Rafael Carvalho Araújo;91024510930;1962-05-22;M;SEAD
601;Carlos Martins Moreira;42817934024;1990-04-17;M;JUCEG
602;Fernanda Rodrigues Souza;10912172207;1961-08-03;F;CASACIVIL
603;Fernanda Araújo Almeida;51004627793;1990-08-29;F;SECTI
604;Felipe Rodrigues Gomes;89743260005;1987-05-13;M;JUCEG
605;Marina Dias Nascimento;99360798410;2003-05-04;F;SEMAD
606;Rodrigo Gomes Ribeiro;03946408370;1958-08-21;M;VICEGOV
607;Letícia Nascimento Souza;79388413660;2005-04-22;F;JUCEG
608;Carolina Gomes Martins;26325144872;2004-03-23;F;DETRAN
609;Gabriela Santos Dias;94151526307;2003-12-03;F;SERINT
610;Letícia Pereira Santos;86323979152;1975-05-06;F;GOINFRA
611;Carolina Ribeiro Martins;05712198886;1965-06-14;F;SEDUC
612;Eduardo Santos Souza;42462456155;2002-08-20;M;SIC
613;Gustavo Santos Rodrigues;45512939114;1975-10-09;M;ECONOMIA
614;Marina Pereira Oliveira;54021190155;1997-10-16;F;SEAD
615;Marcelo Silva Dias;32283608490;1971-10-29;M;GOINFRA
616;Juliana Lima Moreira;16497016910;1972-02-25;F;SERINT
617;Lucas Gomes Santos;90310615305;1995-02-09;M;SES
618;Eduardo Cardoso Lima;77460406759;1969-03-25;M;ECONOMIA
619;Rodrigo Dias Oliveira;97543734770;1990-01-16;M;SEINFRA
620;Gabriela Gomes Santos;48460191362;1980-05-16;F;SERINT
621;Rodrigo Almeida Ferreira;14644936936;2005-09-15;M;UEG
622;Camila Pereira Rocha;01192360362;1996-11-26;F;SEEL
623;Mariana Gomes Cardoso;97315391150;1977-06-16;F;GOIASPREV
624;Felipe Rocha Gomes;06557820109;1956-11-30;M;SEINFRA
625;Daniel Rodrigues Souza;13546212711;1988-12-02;M;CGE
626;André Ferreira Costa;88899572984;2002-10-21;M;UEG
627;Letícia Teixeira Martins;19120381883;1998-01-01;F;SECULT
628;Lucas Teixeira Rocha;15881445856;1967-03-21;M;SEDF
629;André Ribeiro Barbosa;24500000038;1962-07-03;M;SECTI
630;Gustavo Ribeiro Pereira;18444218219;2003-06-13;M;SGG
631;Larissa Silva Oliveira;90043655165;1987-06-06;F;DPE-GO
632;Gustavo Costa Ferreira;96080706350;1976-07-26;M;SEEL
633;Eduardo Araújo Gomes;81880442884;1997-06-29;M;GOINFRA
634;Amanda Cardoso Costa;28946420324;1992-08-29;F;DGPC
635;Gustavo Carvalho Costa;02635582408;1972-03-12;M;PGE
636;Gustavo Lima Rocha;88245279064;1985-06-30;M;SEAD
637;Fernando Lima Rodrigues;11197871810;1959-05-03;M;GOIASPREV
638;Carlos Nascimento Dias;75617868837;1955-10-02;M;CGE
639;André Araújo Ribeiro;77449160935;1974-03-04;M;SECULT
640;Camila Lima Pereira;87509263220;1969-02-22;F;SECOM
641;Fernanda Dias Rocha;60505376660;1994-01-22;F;SEAD
642;Eduardo Silva Pereira;27153123423;1985-07-20;M;AGR
643;Bruno Gomes Ribeiro;01348087382;1985-09-26;M;SEAPA
644;Larissa Silva Moreira;08599144960;1971-04-23;F;PGE
645;Mariana Dias Costa;28596932542;2005-09-20;F;CBM
646;Beatriz Rocha Teixeira;06908726150;1996-01-06;F;SEEL
647;Felipe Dias Rodrigues;80405612990;1993-12-13;M;JUCEG
648;Beatriz Moreira Oliveira;30876123833;1983-02-22;F;UEG
649;Eduardo Silva Almeida;73008696619;1960-08-13;M;ECONOMIA
650;Daniel Moreira Gomes;14915076245;2001-10-24;M;FAPEG
651;Beatriz Ferreira Souza;72662925060;2004-10-31;F;SSP
652;Mariana Almeida Lima;37312552358;1985-12-05;F;SECULT
653;Thiago Pereira Lima;85277895663;1965-11-17;M;FAPEG
654;Gabriela Souza Rodrigues;64403734120;1990-09-27;F;SGG
655;Carlos Moreira Almeida;48629857935;1994-04-16;M;VICEGOV
656;Bianca Silva Dias;98661770688;1999-07-17;F;GOIASTURISMO
657;Patrícia Cardoso Ferreira;16505871470;1991-04-30;F;UEG
658;Camila Pereira Moreira;98480220589;1958-01-16;F;GOIASPREV
659;Marcelo Oliveira Ribeiro;57887071534;1971-01-23;M;GOIASTURISMO
660;André Moreira Martins;79876829939;1994-02-27;M;EMATER
661;Marcelo Moreira Lima;50405669569;1995-12-20;M;UEG
662;Camila Rodrigues Araújo;94232894608;1974-12-07;F;FAPEG
663;Fernanda Rocha Ferreira;69335895105;1975-01-21;F;EMATER
664;Letícia Cardoso Costa;43034918968;1961-09-07;F;DGPP
665;Fernando Costa Oliveira;54715531364;1970-07-26;M;SIC
666;Rafael Oliveira Souza;52769819810;1997-06-04;M;AGRODEFESA
667;Felipe Ribeiro Rocha;66059867847;1994-09-03;M;SEINFRA
668;Fernanda Dias Rodrigues;49116502060;1958-07-15;F;SEAD
669;Gustavo Ribeiro Dias;08368214408;1980-07-06;M;DPE-GO
670;Fernanda Silva Ferreira;58254318379;1970-07-05;F;SEDS
671;Bianca Silva Santos;83647238716;1985-12-14;F;PGE
672;Gabriela Moreira Gomes;72629052958;1963-02-04;F;EMATER
673;Carlos Martins Almeida;37399205213;1970-06-24;M;SES
674;Felipe Ferreira Carvalho;53983584489;1992-06-27;M;DGPP
675;Amanda Santos Almeida;79970292730;1961-04-08;F;PM
676;Pedro Silva Rodrigues;25608320034;1978-10-20;M;AGRODEFESA
677;Marina Souza Oliveira;30443619905;1983-10-10;F;DGPP
678;Rafael Almeida Dias;48309309694;1997-03-05;M;SSP
679;Eduardo Cardoso Martins;67201911104;1989-04-28;M;SECULT
680;João Costa Nascimento;36653802787;1982-01-17;M;DPE-GO
681;Fernanda Rodrigues Moreira;46209355650;1960-12-03;F;CGE
682;Marina Carvalho Rocha;58564230461;1961-09-21;F;SES
683;Daniel Nascimento Souza;71669063240;1966-05-07;M;CASACIVIL
684;Marina Araújo Dias;97564915749;1986-03-23;F;SIC
685;Thiago Santos Teixeira;10306831740;1990-10-06;M;SEINFRA
686;Eduardo Santos Carvalho;07138067100;1977-02-11;M;ECONOMIA
687;André Almeida Silva;09625885714;1993-03-18;M;ABC
688;Tatiane Pereira Araújo;62159183261;1997-08-12;F;PGE
689;Carolina Martins Santos;40049388134;2005-07-02;F;SEINFRA
690;Marina Araújo Moreira;87313797109;1992-03-11;F;RETOMADA
691;Camila Lima Ferreira;56238994983;2005-12-31;F;DGPP
692;Carlos Oliveira Martins;02041813563;2001-01-07;M;GOIASPREV
693;Eduardo Oliveira Rocha;64482217514;2001-10-29;M;EMATER
694;Larissa Ribeiro Dias;12369149612;1963-03-18;F;SSP
695;Carolina Moreira Souza;40953141926;1992-12-29;F;DGPP
696;Mariana Martins Nascimento;62409649645;1989-06-05;F;SEDS
697;Mariana Araújo Rodrigues;25936488217;1955-01-12;F;EMATER
698;Fernanda Dias Martins;99160911450;1961-08-17;F;SECOM
699;Gustavo Ferreira Gomes;04588165070;1969-11-08;M;SIC
700;Ana Rocha Pereira;61771824964;2003-04-16;F;UEG
701;Gabriela Santos Gomes;59266486965;2003-04-21;F;GOIASTURISMO
702;Letícia Cardoso Souza;11929207590;1977-02-07;F;RETOMADA
703;Camila Pereira Ribeiro;36218945510;1960-01-03;F;RETOMADA
704;Beatriz Cardoso Gomes;89667605620;1978-07-08;F;PM
705;Camila Almeida Teixeira;90623546612;1966-09-26;F;SEDF
706;Fernanda Ferreira Santos;22427677477;1990-12-30;F;DGPC
707;Ana Silva Rocha;01798677849;1966-06-21;F;FAPEG
708;Felipe Ferreira Souza;38437536529;1989-08-14;M;SEDS
709;Marina Gomes Araújo;40064454746;1985-05-16;F;SES
710;Larissa Araújo Almeida;34272038834;1989-01-17;F;PM
711;João Araújo Moreira;35882493544;1975-08-04;M;SEAPA
712;Juliana Gomes Araújo;44608385160;1997-08-16;F;GOIASPREV
713;Tatiane Teixeira Araújo;99969882953;1960-06-19;F;SEAPA
714;Bianca Gomes Ferreira;42383972827;1976-02-15;F;GOIASTURISMO
715;André Rocha Teixeira;32210102308;1970-10-07;M;CGE
716;Mariana Silva Rocha;14356140389;2004-08-12;F;CASACIVIL
717;Tatiane Rocha Ribeiro;10030762030;1988-03-14;F;SEINFRA
718;João Moreira Araújo;54113407800;1984-01-23;M;CBM
719;Rafael Teixeira Rodrigues;68999626911;1996-03-10;M;CGE
720;Gustavo Rocha Pereira;25719760954;1976-03-28;M;DGPC
721;Thiago Rocha Carvalho;21755851740;1998-08-29;M;SEMAD
722;Daniel Rocha Araújo;26422297505;2000-12-14;M;SEDUC
723;Letícia Dias Rodrigues;09225709064;1959-06-20;F;DETRAN
724;Felipe Teixeira Moreira;54001788209;1969-06-08;M;SERINT
725;Carlos Santos Nascimento;50927115239;1993-05-06;M;SSP
726;Carolina Silva Souza;74189485497;1975-05-14;F;SES
727;Letícia Santos Martins;19827348175;1974-02-16;F;DETRAN
728;Larissa Gomes Teixeira;35268064894;1994-01-23;F;SEAD
729;Letícia Lima Pereira;46280550761;1994-11-11;F;SEINFRA
730;Daniel Souza Rocha;55107409148;1975-12-15;M;CBM
731;Pedro Moreira Silva;69535412027;1962-06-02;M;DGPC
732;Felipe Carvalho Cardoso;94795074046;1999-03-03;M;CBM
733;João Araújo Costa;93403910474;1986-03-29;M;DGPC
734;Marina Nascimento Moreira;28553595200;1959-02-06;F;SIC
735;Bruno Araújo Barbosa;74037842351;1972-05-22;M;UEG
736;Pedro Moreira Carvalho;01736542664;1971-06-23;M;CASACIVIL
737;João Souza Nascimento;06053088617;2000-10-16;M;SERINT
738;Patrícia Rocha Teixeira;87592129930;1992-12-29;F;SEAPA
739;Larissa Martins Silva;92071152395;2004-05-29;F;CGE
740;Marcelo Carvalho Nascimento;16118638560;1984-10-24;M;AGRODEFESA
741;Marina Lima Dias;89318692820;1998-01-10;F;SEDF
742;Daniel Costa Rocha;23220414400;1998-09-19;M;SEINFRA
743;Pedro Souza Cardoso;30423227777;1987-03-23;M;DGPC
744;João Cardoso Souza;59377756944;1963-08-11;M;SEDS
745;Carlos Silva Costa;38419662259;2005-11-29;M;SSP
746;Letícia Souza Pereira;36219865537;1960-06-03;F;SEAPA
747;Ana Costa Cardoso;96273226288;1993-12-03;F;DGPP
748;Bruno Barbosa Moreira;91962341992;1989-02-11;M;SERINT
749;Rafael Almeida Souza;31158760507;1978-12-17;M;SIC
750;Amanda Barbosa Gomes;66986163460;1966-05-07;F;SSP
751;Amanda Rodrigues Carvalho;59664721301;1956-03-19;F;SEMAD
752;Lucas Ferreira Martins;14543079604;1974-09-27;M;SEMAD
753;Mariana Teixeira Gomes;52354268785;1978-04-21;F;SEINFRA
754;Larissa Rodrigues Nascimento;66563370152;1980-01-01;F;ECONOMIA
755;Rodrigo Cardoso Ferreira;21425731694;1957-05-17;M;GOIASPREV
756;Patrícia Rodrigues Teixeira;62092973584;1966-06-20;F;SIC
757;Rafael Carvalho Dias;35323661852;1986-05-27;M;SEAD
758;Eduardo Almeida Pereira;01071261509;2004-09-01;M;VICEGOV
759;Fernanda Rodrigues Lima;32228019402;1977-10-07;F;SES
760;Felipe Araújo Lima;73118046716;1979-09-28;M;CBM
761;Thiago Araújo Ferreira;60846397552;1989-08-22;M;DETRAN
762;Mariana Oliveira Nascimento;55640919655;1973-12-23;F;SEDUC
763;Carlos Nascimento Cardoso;71212413903;1976-11-09;M;ABC
764;Larissa Barbosa Lima;19227607579;2002-08-02;F;SEDS
765;Juliana Almeida Silva;89523120239;1965-11-10;F;SEDUC
766;Pedro Pereira Rocha;76448676430;1995-03-06;M;SEDUC
767;Patrícia Lima Dias;30964969270;1996-08-30;F;SECAMI
768;Pedro Carvalho Araújo;12827636441;1976-01-23;M;SSP
769;Rafael Ribeiro Gomes;43441491653;1976-12-10;M;GOIASPREV
770;Pedro Lima Souza;95862973907;2002-11-01;M;DPE-GO
771;Rodrigo Ribeiro Costa;85346557903;1966-11-01;M;DGPC
772;Eduardo Silva Ferreira;51213756545;2002-06-09;M;GOIASPREV
773;Gabriela Costa Almeida;45663113843;2004-05-29;F;SIC
774;Beatriz Almeida Cardoso;10437968600;2003-06-21;F;PGE
775;Juliana Almeida Souza;43502385068;1969-08-28;F;PM
776;Daniel Lima Silva;20256913358;1955-11-23;M;VICEGOV
777;Thiago Barbosa Moreira;95530245307;1960-01-11;M;SSP
778;Larissa Oliveira Nascimento;01722240555;1960-03-31;F;SECAMI
779;Felipe Gomes Souza;65838727225;1985-06-16;M;EMATER
780;Lucas Barbosa Lima;37912121170;1959-03-25;M;DGPP
781;Thiago Moreira Lima;92519994576;1970-12-27;M;GOIASPREV
782;Pedro Silva Araújo;42216265420;1989-04-25;M;FAPEG
783;Ana Gomes Barbosa;02059685117;1983-02-06;F;FAPEG
784;Fernanda Martins Dias;75225920624;1962-03-24;F;SECULT
785;Marina Pereira Almeida;02955963682;1976-12-03;F;SEMAD
786;Marcelo Cardoso Teixeira;51331380081;1979-06-16;M;UEG
787;André Carvalho Rocha;26868764090;1964-04-30;M;SEDUC
788;Daniel Dias Barbosa;78735856629;1980-04-12;M;SECULT
789;Pedro Silva Ribeiro;10429483139;1980-03-31;M;GOINFRA
790;Marcelo Ferreira Teixeira;31800366647;1956-11-17;M;PM
791;Carolina Souza Carvalho;24383805868;1969-07-09;F;SEEL
792;Felipe Dias Moreira;63376185131;2003-08-28;M;SECULT
793;Lucas Lima Moreira;21883527937;1960-09-05;M;DPE-GO
794;Eduardo Moreira Gomes;31927976146;1996-04-29;M;EMATER
795;André Araújo Pereira;56862959131;1967-05-31;M;SECTI
796;Thiago Martins Costa;29907472905;1991-12-18;M;ABC
797;Juliana Teixeira Carvalho;99464183985;2000-03-22;F;SEAPA
798;Letícia Rocha Teixeira;04450928660;1955-11-21;F;SECTI
799;Rafael Teixeira Gomes;58130889897;1972-01-16;M;SEAD
800;Pedro Martins Carvalho;00030566193;1986-12-05;M;SECOM
801;Bruno Barbosa Silva;18726001314;1993-05-16;M;SIC
802;Carolina Ribeiro Martins;86524062272;1965-06-25;F;SECTI
803;Lucas Moreira Cardoso;47047476466;2003-07-21;M;CASACIVIL
804;Rodrigo Oliveira Ferreira;45531290004;1977-05-08;M;SECULT
805;Daniel Carvalho Rocha;55852294276;1986-01-24;M;DGPC
806;Marina Souza Teixeira;05491477486;1979-02-26;F;SGG
807;Bianca Rocha Martins;34493053798;2000-10-20;F;SEDS
808;Bruno Barbosa Teixeira;82815278707;1972-08-11;M;CGE
809;Felipe Ribeiro Lima;78018915628;1997-12-01;M;FAPEG
810;Eduardo Araújo Rodrigues;99946645068;1957-08-08;M;SEAD
811;Bruno Nascimento Pereira;84424648834;1981-09-10;M;SEMAD
812;Pedro Rodrigues Oliveira;79789124856;2003-06-27;M;FAPEG
813;Fernando Barbosa Ferreira;86811230339;2002-05-20;M;EMATER
814;Felipe Silva Moreira;92177905591;1968-04-05;M;AGRODEFESA
815;Camila Rodrigues Pereira;01193910315;2002-10-14;F;DGPC
816;Tatiane Teixeira Santos;81045024333;1996-05-12;F;SECOM
817;Amanda Lima Almeida;53900585695;1963-02-08;F;SIC
818;Carlos Araújo Costa;36902837791;1971-04-21;M;SEMAD
819;Letícia Gomes Costa;16101975347;1985-01-12;F;SEDS
820;João Gomes Rodrigues;76362814495;1979-04-11;M;SEMAD
821;Bianca Cardoso Nascimento;09228849860;1995-10-05;F;SEINFRA
822;Letícia Teixeira Rocha;11640343911;2000-03-16;F;DPE-GO
823;Larissa Silva Costa;13090915367;2000-12-28;F;SEEL
824;André Moreira Carvalho;77204410017;1999-05-21;M;SEDUC
825;Mariana Moreira Rodrigues;24870987244;1989-12-20;F;SERINT
826;Pedro Pereira Santos;18900346814;1993-09-21;M;CBM
827;Daniel Ribeiro Lima;66219536827;1957-10-18;M;CGE
828;Daniel Martins Oliveira;30722113889;1989-02-24;M;UEG
829;Letícia Santos Dias;19281707497;1982-06-27;F;GOIASTURISMO
830;Lucas Rocha Gomes;12094477207;1988-09-19;M;PGE
831;Marcelo Rodrigues Costa;55985160203;1964-06-27;M;CBM
832;Larissa Teixeira Pereira;86237600850;2002-02-23;F;SEINFRA
833;Carlos Pereira Costa;00698369220;1972-09-15;M;SECTI
834;Patrícia Gomes Martins;22021237257;1956-04-21;F;AGR
835;Larissa Lima Nascimento;19008899191;1965-11-19;F;SERINT
836;Bianca Nascimento Souza;60854818618;1998-01-24;F;SERINT
837;Rodrigo Oliveira Rodrigues;81519854536;1999-12-20;M;SES
838;Ana Martins Ribeiro;69994494651;1993-10-01;F;SECAMI
839;Bruno Martins Moreira;40262085836;1961-04-13;M;GOINFRA
840;Rafael Oliveira Almeida;91828518166;1992-07-24;M;DETRAN
841;Rafael Pereira Martins;00128382767;1962-10-10;M;PGE
842;Ana Barbosa Pereira;65344604246;1967-12-13;F;SECAMI
843;André Costa Dias;24358617611;2002-12-22;M;PM
844;Fernanda Rodrigues Costa;19768784970;1981-04-29;F;SGG
845;Juliana Rodrigues Ferreira;35434046609;2004-02-19;F;SES
846;Letícia Costa Cardoso;11197388141;2002-08-28;F;SES
847;Amanda Pereira Rocha;06640511037;1971-04-22;F;SSP
848;Ana Lima Dias;21860032010;1973-02-02;F;CBM
849;Bianca Santos Nascimento;78601625983;1959-07-27;F;EMATER
850;Gabriela Ferreira Santos;07288780708;1967-05-06;F;SEMAD
851;Tatiane Rodrigues Ferreira;39964771800;1972-10-04;F;GOINFRA
852;Letícia Carvalho Barbosa;80024432334;1990-06-17;F;SEDF
853;Ana Araújo Barbosa;51691395277;1963-01-09;F;SECTI
854;Marina Ferreira Ribeiro;31983924890;1981-04-09;F;EMATER
855;Marina Oliveira Pereira;75864633950;1984-08-09;F;VICEGOV
856;Tatiane Santos Carvalho;73855128103;1995-04-15;F;GOINFRA
857;Tatiane Moreira Souza;97236024406;1994-01-14;F;SIC
858;Mariana Carvalho Pereira;47837031750;1983-07-14;F;SEAPA
859;Gustavo Gomes Pereira;86272884028;1995-04-03;M;SEEL
860;Larissa Pereira Rodrigues;59238687927;1959-09-04;F;SEEL
861;Ana Carvalho Silva;89273961541;1995-04-26;F;ABC
862;Patrícia Gomes Ferreira;61903842263;1997-10-12;F;SECOM
863;Tatiane Carvalho Cardoso;76917162060;1981-06-04;F;PM
864;Amanda Silva Lima;92202698051;1963-08-01;F;SEINFRA
865;Thiago Oliveira Pereira;37050049301;1973-09-20;M;SEDF
866;Camila Teixeira Silva;83906540243;1986-05-20;F;AGRODEFESA
867;Eduardo Araújo Lima;50496026615;1995-08-08;M;SECULT
868;Ana Martins Silva;88640675660;1956-12-12;F;PM
869;Rafael Gomes Rocha;90932253326;1973-07-04;M;SEDF
870;Juliana Ribeiro Souza;36988843990;1972-05-16;F;GOIASTURISMO
871;Carlos Rodrigues Costa;41290759693;1983-02-01;M;GOIASPREV
872;Fernanda Oliveira Silva;62941937536;1963-10-10;F;SEDUC
873;Fernanda Cardoso Dias;64612096118;1995-03-30;F;VICEGOV
874;Eduardo Ribeiro Araújo;05143219116;1981-11-14;M;GOIASTURISMO
875;Tatiane Rodrigues Ferreira;18834581962;1971-03-07;F;CGE
876;Patrícia Santos Araújo;90257846409;1960-02-22;F;DPE-GO
877;André Dias Gomes;67292543510;1988-06-26;M;SSP
878;Fernanda Costa Barbosa;28639420181;1970-03-18;F;PM
879;Ana Rodrigues Martins;60450956342;1971-08-10;F;DETRAN
880;Pedro Ferreira Ribeiro;71193600600;1956-11-27;M;DPE-GO
881;Camila Dias Carvalho;00953723429;1993-01-03;F;SSP
882;Fernando Costa Rodrigues;31654413755;1971-01-11;M;SEMAD
883;Eduardo Gomes Martins;17551887067;1962-10-06;M;GOINFRA
884;Mariana Barbosa Ferreira;34565386933;1977-12-04;F;SECAMI
885;Bianca Martins Ferreira;38641009507;1975-05-18;F;EMATER
886;Rodrigo Teixeira Oliveira;46047614345;1995-11-16;M;EMATER
887;Tatiane Martins Rodrigues;63681541876;1988-06-10;F;DPE-GO
888;André Martins Cardoso;86043566060;1985-04-10;M;SEAD
889;João Araújo Dias;18222667939;1980-03-24;M;SSP
890;Daniel Pereira Almeida;42898760560;1983-12-12;M;PGE
891;Ana Pereira Araújo;32016290730;1972-03-12;F;SEDUC
892;Rodrigo Oliveira Barbosa;08649426999;1981-03-11;M;PM
893;Larissa Silva Pereira;92195873000;1988-01-02;F;SERINT
894;Fernando Barbosa Teixeira;06643158958;1959-08-25;M;CBM
895;Fernando Moreira Costa;07030880846;1960-11-19;M;SEMAD
896;Rodrigo Rodrigues Teixeira;89592741190;1992-08-02;M;SEDS
897;Eduardo Silva Gomes;91702634426;1979-03-01;M;SECOM
898;Letícia Cardoso Rodrigues;42536909123;1969-01-05;F;VICEGOV
899;Ana Rodrigues Ribeiro;36524055365;1993-02-13;F;SERINT
900;Tatiane Rocha Martins;73854662300;1966-05-30;F;VICEGOV
901;Amanda Barbosa Ferreira;20429862245;1991-11-06;F;UEG
902;Daniel Nascimento Teixeira;33587688729;1999-06-13;M;SECAMI
903;Carlos Ribeiro Almeida;98391226069;1957-08-19;M;CGE
904;Lucas Costa Santos;03897528789;1966-11-17;M;SEAD
905;João Dias Ferreira;35309766952;1964-03-06;M;SERINT
906;Camila Moreira Silva;79661869545;1998-02-02;F;SES
907;Rodrigo Cardoso Nascimento;56100777371;1970-03-19;M;DETRAN
908;Daniel Almeida Teixeira;73370342456;1982-11-09;M;SEINFRA
909;Mariana Silva Dias;65191708520;1963-01-22;F;SGG
910;Gabriela Silva Araújo;58115744956;1990-03-16;F;SIC
911;Patrícia Costa Santos;84039822161;2003-05-31;F;PGE
912;Marcelo Martins Rocha;80265295106;1989-04-13;M;CASACIVIL
913;Tatiane Silva Teixeira;80670898767;1958-10-26;F;GOIASPREV
914;Gabriela Gomes Rocha;58052632110;1964-12-30;F;GOIASPREV
915;Patrícia Gomes Ribeiro;70823171400;1990-01-09;F;DETRAN
916;Bianca Rocha Araújo;05302618478;1956-06-22;F;DGPC
917;Beatriz Lima Martins;05028164061;2003-11-24;F;SEDUC
918;Patrícia Ferreira Lima;75979531947;1971-09-30;F;SECULT
919;João Ribeiro Costa;89445381157;2005-01-04;M;PGE
920;Eduardo Ferreira Moreira;52179705611;1989-01-30;M;CGE
921;Thiago Pereira Araújo;02351585003;1961-05-15;M;SIC
922;Amanda Souza Araújo;22441339583;1982-08-06;F;SECAMI
923;Daniel Oliveira Cardoso;89866469352;1993-07-19;M;JUCEG
924;Ana Ferreira Gomes;77184301978;1971-08-27;F;PM
925;Juliana Gomes Souza;28253267630;1971-10-06;F;SERINT
926;Daniel Santos Costa;01693328453;1981-04-26;M;DGPC
927;Bianca Ribeiro Rodrigues;60756999103;1973-02-05;F;AGRODEFESA
928;Larissa Almeida Lima;16806647006;1994-09-27;F;CGE
929;Marcelo Costa Oliveira;07402740668;1997-06-16;M;SIC
930;Camila Dias Carvalho;64614974554;1998-07-29;F;SEDUC
931;Ana Rocha Moreira;55049326613;1981-08-10;F;SECOM
932;Amanda Costa Rocha;53400127604;1969-08-27;F;DGPC
933;Eduardo Dias Teixeira;82237887055;1984-08-03;M;SEDS
934;Beatriz Silva Carvalho;86794963833;1976-08-29;F;CGE
935;Fernanda Silva Rodrigues;65557864504;1999-10-16;F;DPE-GO
936;Gabriela Martins Ribeiro;86824051640;1989-04-29;F;AGR
937;Thiago Almeida Lima;86860835796;1958-10-04;M;DETRAN
938;Thiago Ribeiro Souza;89830941337;1979-02-22;M;SEDUC
939;Mariana Almeida Araújo;69480450739;1973-05-11;F;AGR
940;Amanda Moreira Teixeira;02602944203;1958-12-22;F;VICEGOV
941;Daniel Martins Barbosa;74867595195;1982-09-13;M;DETRAN
942;Mariana Rocha Pereira;23326058608;1980-02-12;F;PM
943;Gustavo Oliveira Teixeira;17882426539;1985-06-29;M;UEG
944;Pedro Ferreira Gomes;79006548790;1959-12-28;M;AGRODEFESA
945;Eduardo Teixeira Rocha;90737815906;1960-10-24;M;SECTI
946;Gabriela Dias Martins;63802076192;1968-07-16;F;GOIASTURISMO
947;Tatiane Moreira Santos;82070669033;1965-08-16;F;ECONOMIA
948;Carolina Costa Moreira;70350675740;2000-11-05;F;SEEL
949;Gustavo Ribeiro Carvalho;05705218745;1974-12-22;M;DPE-GO
950;Ana Moreira Santos;23503687181;1984-02-04;F;SECULT
951;Letícia Moreira Gomes;56844679467;1957-03-21;F;VICEGOV
952;Eduardo Santos Araújo;97572927378;1964-05-15;M;EMATER
953;Mariana Araújo Carvalho;18548396679;1957-02-24;F;SEMAD
954;Felipe Moreira Barbosa;49161705047;1969-06-30;M;PM
955;André Rocha Gomes;83774029202;2003-02-02;M;SECULT
956;Fernando Araújo Barbosa;71966661002;1967-07-09;M;SECTI
957;Felipe Almeida Barbosa;68367590155;1997-07-22;M;SECAMI
958;Mariana Martins Costa;65642601806;1989-06-05;F;GOIASTURISMO
959;Rodrigo Cardoso Martins;64149003890;1984-01-05;M;CGE
960;Daniel Silva Ribeiro;73314546173;1988-07-14;M;SGG
961;Carlos Rodrigues Silva;40954377664;1993-02-13;M;CBM
962;Gustavo Oliveira Santos;43678621007;1998-08-04;M;AGRODEFESA
963;Fernando Moreira Teixeira;02693315492;1971-01-29;M;FAPEG
964;Pedro Costa Santos;14206670170;1983-04-07;M;DETRAN
965;Ana Souza Carvalho;39222056230;1957-06-21;F;CBM
966;Gustavo Ferreira Teixeira;61323945679;1980-06-01;M;JUCEG
967;Beatriz Almeida Costa;20953677311;1979-10-29;F;UEG
968;Amanda Oliveira Costa;76253809636;1992-05-13;F;SEAPA
969;Bianca Ribeiro Lima;53896298500;1977-05-31;F;SES
970;Camila Moreira Teixeira;35434685881;1993-07-02;F;GOIASTURISMO
971;Fernando Santos Araújo;38116837133;1957-08-15;M;GOIASTURISMO
972;Gabriela Silva Rocha;26493121493;1990-09-23;F;FAPEG
973;Felipe Almeida Moreira;17299403668;1978-07-12;M;EMATER
974;Fernando Cardoso Teixeira;33539101667;1964-08-21;M;PM
975;Rafael Gomes Almeida;76734814050;2005-07-16;M;SEDS
976;Fernando Silva Ribeiro;99100420298;2002-07-08;M;AGRODEFESA
977;Rafael Dias Ribeiro;48420353159;1993-03-03;M;ECONOMIA
978;Eduardo Oliveira Dias;13219402461;1996-08-15;M;CGE
979;Thiago Nascimento Almeida;67857646377;1961-06-09;M;GOIASTURISMO
980;Carlos Carvalho Costa;01315350645;1993-11-16;M;SEDF
981;Juliana Barbosa Oliveira;79899488500;1993-03-18;F;RETOMADA
982;Gustavo Carvalho Teixeira;42271726670;1966-12-15;M;SIC
983;Gabriela Moreira Pereira;24087100650;1991-09-16;F;SEDS
984;Carlos Carvalho Ferreira;23282228201;1980-06-21;M;CGE
985;João Teixeira Gomes;79135113545;1957-08-31;M;SECTI
986;Daniel Martins Teixeira;30280104103;1980-10-23;M;JUCEG
987;Bruno Souza Almeida;18893063557;1999-08-27;M;AGRODEFESA
988;Amanda Rocha Silva;55855759962;1982-06-17;F;PGE
989;Ana Araújo Oliveira;06567337486;1988-04-22;F;SECAMI
990;Pedro Carvalho Lima;08437699207;1990-09-08;M;CASACIVIL
991;Gabriela Silva Oliveira;41724155393;1990-09-26;F;GOIASPREV
992;Rafael Ferreira Araújo;70333295986;1981-02-12;M;AGR
993;Fernanda Nascimento Moreira;17217429218;1966-10-03;F;PGE
994;Tatiane Silva Pereira;32503139205;1999-11-13;F;SEAD
995;Lucas Carvalho Moreira;37971900007;1956-12-11;M;SEDF
996;Patrícia Nascimento Costa;07992304560;1974-06-27;F;DGPC
997;Rodrigo Silva Rodrigues;94539117718;1993-05-22;M;SEEL
998;Larissa Teixeira Souza;61902231171;1990-01-22;F;SGG
999;Bruno Carvalho Nascimento;21268485667;1974-10-18;M;GOINFRA
1000;Eduardo Lima Oliveira;32465986651;1973-09-21;M;DGPC
